MUN,LOC,REFUGIO,FECHA_OP,VAMP,VAMP_TX,LATITUD,LONG
Temascaltepec,San Pedro Tenayac,Cueva  el Uno,11/06/14,6,6,18.035456,-100.209547
Tlatlaya,Nuevo Copaltepec,La alcantarilla,12/05/05,3,2,18.404167,-100.268833
Tlatlaya,Nuevo Copaltepec,La alcantarilla,12/05/07,30,29,18.404167,-100.268833
Tlatlaya,Nuevo Copaltepec,La alcantarilla,12/03/09,0,0,18.404167,-100.268833
Tlatlaya,Nuevo Copaltepec,La alcantarilla,10/08/10,4,3,18.404167,-100.268833
Tlatlaya,Nuevo Copaltepec,La alcantarilla,16/05/11,4,3,18.404167,-100.268833
Tlatlaya,San Antonio del Rosario,Cueva los sifones,11/05/11,30,29,18.412639,-100.304889
Tlatlaya,San Antonio del Rosario,Cueva los sifones,13/05/11,40,39,18.412639,-100.304889
Tlatlaya,San Antonio del Rosario,Cueva los sifones,13/06/11,12,12,18.412639,-100.304889
Tlatlaya,San Antonio del Rosario,Cueva los sifones,14/06/11,16,16,18.412639,-100.304889
Tlatlaya,San Antonio del Rosario,Cueva los sifones,26/04/12,20,20,18.412639,-100.304889
Tlatlaya,El Naranjito de Nanchichitla,Cueva de las abejas,30/08/13,12,12,18.534514,-100.300750
Tlatlaya,Pie del cerro San Vicente,Cueva de la ushilera,29/08/14,12,12,18.543194,-100.383336
Tlatlaya,Juntas de Santa Ana Zicatecoyan,Alcantarilla,19/05/05,6,5,18.571667,-100.220000
Tlatlaya,Juntas de Santa Ana Zicatecoyan,Alcantarilla,21/08/07,4,3,18.571667,-100.220000
Tlatlaya,Juntas de Santa Ana Zicatecoyan,Alcantarilla,22/03/08,0,0,18.571667,-100.220000
Tlatlaya,Juntas de Santa Ana Zicatecoyan,Alcantarilla,16/04/09,1,1,18.571667,-100.220000
Tlatlaya,Santa Ana Zicatecoyan,La cueva de cuatepquito,20/10/05,0,0,18.572778,-100.216678
Tlatlaya,Santa Ana Zicatecoyan,La cueva de cuatepquito,06/07/07,10,9,18.572778,-100.216678
Tlatlaya,Santa Ana Zicatecoyan,La cueva de cuatepquito,09/06/09,7,7,18.572778,-100.216678
Tlatlaya,Mayaltepec,Cueva el Pabrio,12/02/14,15,15,18.583544,-100.368589
Tlatlaya,Colonia Benito Juarez,Las golondrinas,22/09/12,6,5,18.607444,-100.184639
Tlatlaya,El Guitarratel,Mina la esmeralda,15/09/05,4,3,18.635381,-100.318653
Tlatlaya,El Guitarratel,Mina la esmeralda,25/09/07,3,3,18.635381,-100.318653
Tlatlaya,El Guitarratel,Mina la esmeralda,25/05/08,15,14,18.635381,-100.318653
Amatepec,Los Jazmines,El jacual,12/03/12,0,0,18.683369,-100.321417
Tejupilco,Monte de Dios,Mina Hacienda Vieja,24/04/14,13,13,18.684531,-100.201811
Amatepec,Santiago,Cueva del miedo,20/09/14,9,9,18.684875,-100.235033
Amatepec,Santiago,La mina del miedo,26/05/05,10,9,18.691694,-100.242861
Amatepec,Santiago,La mina del miedo,16/05/07,9,8,18.691694,-100.242861
Amatepec,Santiago,La mina del miedo,17/09/08,8,7,18.691694,-100.242861
Amatepec,Santiago,La mina del miedo,03/12/08,6,6,18.691694,-100.242861
Amatepec,Santiago,La mina del miedo,10/11/09,3,3,18.691694,-100.242861
Amatepec,Santiago,La mina del miedo,09/07/12,6,4,18.691694,-100.242861
Tejupilco,El C·rmen de ixtapan,Mina el bonete,27/09/13,7,7,18.701931,-100.217461
Tejupilco,El C·rmen de ixtapan,Mina el bonete,28/09/13,7,7,18.701931,-100.217461
Amatepec,Dolores (Hacienda Dolores),PeÒa colorada,14/03/12,0,0,18.714667,-100.272306
Amatepec,San Marcos,Cueva del santo,20/04/13,9,9,18.734275,-100.284731
Amatepec,Pena Blanca,El santo,21/09/10,4,3,18.743306,-100.283417
Amatepec,Pena Blanca,El santo,19/07/12,5,3,18.743306,-100.283417
Amatepec,San Martin,Cueva la Parota,29/04/14,6,6,18.750189,-100.233961
Tejupilco,Las mesas bejucos,El mortero,29/08/14,16,16,18.752156,-100.419394
Amatepec,Pueblo Nuevo (San Lucas Pueblo Nuevo),La alcantarilla,19/10/13,4,4,18.752231,-100.301589
Amatepec,Pueblo Nuevo (San Lucas Pueblo Nuevo),La alcantarilla,23/09/05,1,1,18.752317,-100.306389
Amatepec,Pueblo Nuevo (San Lucas Pueblo Nuevo),La alcantarilla,06/02/06,4,3,18.752317,-100.306389
Amatepec,Pueblo Nuevo (San Lucas Pueblo Nuevo),La alcantarilla,16/05/07,30,29,18.752317,-100.306389
Amatepec,Pueblo Nuevo (San Lucas Pueblo Nuevo),La alcantarilla,25/04/08,2,1,18.752317,-100.306389
Amatepec,Pueblo Nuevo (San Lucas Pueblo Nuevo),La alcantarilla,11/08/08,6,6,18.752317,-100.306389
Amatepec,Pueblo Nuevo (San Lucas Pueblo Nuevo),La alcantarilla,11/12/08,6,6,18.752317,-100.306389
Amatepec,Pueblo Nuevo (San Lucas Pueblo Nuevo),La alcantarilla,19/12/09,0,0,18.752317,-100.306389
Amatepec,Pueblo Nuevo (San Lucas Pueblo Nuevo),La alcantarilla,09/06/10,5,4,18.752317,-100.306389
Amatepec,Pueblo Nuevo (San Lucas Pueblo Nuevo),La alcantarilla,12/01/11,3,3,18.752317,-100.306389
Amatepec,Cerro de las Animas-El Manguito,La mora,15/03/12,0,0,18.754917,-100.255972
Amatepec,Pueblo Nuevo (San Lucas Pueblo Nuevo),Pueblo nuevo,09/07/12,4,2,18.763167,-100.309639
Amatepec,Pueblo Nuevo (San Lucas Pueblo Nuevo),Pueblo nuevo,09/07/12,4,2,18.763167,-100.309639
Sultepec,El Cristo,Rancho San Antonio,20/02/13,7,7,18.767258,-100.116731
Tejupilco,Las mesas bejucos,Tunel de la cubatera,03/12/14,18,18,18.768756,-100.419297
Tejupilco,Bejucos,Puente Viejo,12/04/14,22,22,18.768778,-100.419344
Tejupilco,Bejucos,Tunel del Puente Viejo (Descarga Pluvial),20/05/14,8,8,18.768792,-100.419331
Amatepec,Cerro de las Animas (El Cerro de las Animas),"Escuela ""AgripÌn GarcÌa Estrada""",18/09/12,0,0,18.769917,-100.275194
Sultepec,El Cristo,El rincÛn,17/02/12,2,2,18.774278,-100.116786
Amatepec,Salitre de Lopez,AncÛn el Salitre,15/03/12,25,23,18.782917,-100.239278
Tejupilco,Paso del Guayabal,Cueva la calera,28/07/14,12,12,18.784067,-100.385639
Malinalco,La Angostura,Cueva el Arroyo,10/07/14,14,14,18.784367,-99.451631
Amatepec,Tepehuastitlan,Cueva del tecolote,15/11/13,15,15,18.784942,-100.271214
Amatepec,Tepehuastitlan,Loma de la vÌvora,03/06/05,26,24,18.785092,-100.272222
Amatepec,Tepehuastitlan,Loma de la vÌvora,03/04/06,54,44,18.785092,-100.272222
Amatepec,Tepehuastitlan,Loma de la vÌvora,20/08/08,6,5,18.785092,-100.272222
Amatepec,Tepehuastitlan,Loma de la vÌvora,15/12/08,11,10,18.785092,-100.272222
Amatepec,Tepehuastitlan,Loma de la vÌvora,15/06/09,4,4,18.785092,-100.272222
Amatepec,Tepehuastitlan,Loma de la vÌvora,09/06/10,2,1,18.785092,-100.272222
Amatepec,Tepehuastitlan,Loma de la vÌvora,06/11/10,5,4,18.785092,-100.272222
Tejupilco,Paso del Guayabal,Cueva del rizco ,15/06/13,7,7,18.785853,-100.384331
Tejupilco,pinzan morado ,Mina Verde,12/06/14,12,12,18.800508,-100.237236
Tejupilco,Tirados DelegaciÛn Pinzan Morado ,Mina el toro,27/07/13,6,6,18.800589,-100.218122
Tejupilco,pinzan morado ,Mina Verde,24/04/14,8,8,18.800656,-100.219069
Tejupilco,El zapote,Cueva la presa,26/11/14,14,14,18.800806,-100.267300
Tejupilco,El Burrito (El Sauz),El aguacate,17/10/05,0,0,18.800975,-100.202319
Tejupilco,El Burrito (El Sauz),El aguacate,19/07/07,0,0,18.800975,-100.202319
Tejupilco,El Burrito (El Sauz),El aguacate,24/04/08,8,8,18.800975,-100.202319
Tejupilco,El zapote de acamuchitlan,Cueva loma de la vibora,31/08/13,6,6,18.800997,-100.268244
Tejupilco,La Calera,La calera,18/08/12,6,4,18.801139,-100.395444
Tejupilco,El Aguacate de Monte de Dios,Mina el cabrio,11/04/13,18,18,18.801664,-100.201800
Tejupilco,pinzan morado ,Mina el cerro ,23/01/14,5,1,18.801806,-100.218619
Tejupilco,pinzan morado ,Mina el Brasil,23/01/14,6,6,18.801867,-100.218381
Tejupilco,Fraguita,Cueva Alcantarilla,28/02/14,6,6,18.801908,-100.269350
Tejupilco,Juluapan (Juloapan),Cueva del rÌo ,02/09/05,7,5,18.801967,-100.118147
Tejupilco,Juluapan (Juloapan),Cueva del rÌo ,07/08/06,0,0,18.801967,-100.118147
Tejupilco,Juluapan (Juloapan),Cueva del rÌo ,17/08/08,0,0,18.801967,-100.118147
Tejupilco,El Aguacate de Monte de Dios,Mina el carrizal,05/08/05,3,3,18.802072,-100.201297
Tejupilco,El Aguacate de Monte de Dios,Mina el carrizal,08/09/06,5,4,18.802072,-100.201297
Tejupilco,El Aguacate de Monte de Dios,Mina el carrizal,17/09/07,0,0,18.802072,-100.201297
Tejupilco,El Aguacate de Monte de Dios,Mina el carrizal,17/02/09,0,0,18.802072,-100.201297
Tejupilco,El Aguacate de Monte de Dios,Mina el carrizal,19/07/10,7,6,18.802072,-100.201297
Tejupilco,El Aguacate de Monte de Dios,Mina el carrizal,06/11/10,0,0,18.802072,-100.201297
Tejupilco,El zapote,Refugio la alcantarilla,16/08/13,12,12,18.802522,-100.283861
Tejupilco,Monte de Dios,Mina el Encinal,20/03/14,11,11,18.802619,-100.217558
Tejupilco,El Zapote,Cueva la Alcantarilla,21/05/14,13,13,18.802675,-100.285175
Tejupilco,Los cuervos,Cueva la Alcantarilla,04/10/14,16,16,18.802675,-100.285175
Tejupilco,Tirados,Mina verde,21/07/05,9,7,18.803306,-100.232139
Tejupilco,Tirados,Mina verde,02/07/08,0,0,18.803306,-100.232139
Tejupilco,Tirados,Mina verde,13/07/09,8,7,18.803306,-100.232139
Tejupilco,Rio Chiquito,Cueva la presa,27/08/12,4,2,18.804583,-100.270444
Tejupilco,Salitre de acamuchitlan ,Cueva de la tambora,06/12/13,6,6,18.817631,-100.236081
Tejupilco,Tamarindo,Las charanas,21/09/12,0,0,18.818581,-100.382972
Tejupilco,Monte de Dios,Mina de Carmen Ixtapan,20/01/12,0,0,18.827944,-100.221472
Tejupilco,Monte de Dios,El carmen Ixtapan,12/04/12,0,0,18.827944,-100.221472
Tejupilco,Acamuchitlan,Rancho la parota,04/06/10,0,0,18.831167,-100.267158
Tejupilco,Acamuchitlan,Rancho la parota,26/10/12,0,0,18.831167,-100.267158
Tejupilco,Encinos Verdes,Mina del salto,14/03/05,15,14,18.833950,-100.072611
Tejupilco,Encinos Verdes,Mina del salto,12/09/05,6,5,18.833950,-100.072611
Tejupilco,Encinos Verdes,Mina del salto,19/09/07,0,0,18.833950,-100.072611
Tejupilco,Encinos Verdes,Mina del salto,03/04/08,0,0,18.833950,-100.072611
Tejupilco,Encinos Verdes,Mina del salto,23/03/10,0,0,18.833950,-100.072611
Tejupilco,Encinos Verdes,Mina del salto,17/01/11,5,0,18.833950,-100.072611
Tejupilco,Acamuchitlan,Cueva ceiba amarilla,31/10/13,12,12,18.834781,-100.934181
Malinalco,El Platanar,Cueva del rÌo ,06/12/12,8,6,18.834853,-99.451722
Tejupilco,San Mateo (San Mateo Ixtapan),Mina san Eduardo ,28/07/13,12,12,18.835028,-100.217847
Tejupilco,San Mateo (San Mateo Ixtapan),Tres barrenos,03/10/05,0,0,18.835206,-100.220139
Tejupilco,San Mateo (San Mateo Ixtapan),Tres barrenos,20/03/06,3,3,18.835206,-100.220139
Tejupilco,San Mateo (San Mateo Ixtapan),Tres barrenos,22/08/08,6,5,18.835206,-100.220139
Tejupilco,San Mateo (San Mateo Ixtapan),Tres barrenos,17/02/09,0,0,18.835206,-100.220139
Tejupilco,San Mateo (San Mateo Ixtapan),Tres barrenos,15/12/09,7,7,18.835206,-100.220139
Tejupilco,San Mateo (San Mateo Ixtapan),Tres barrenos,13/11/10,3,3,18.835206,-100.220139
Luvianos,Los pinzanes,Cueva de la madera,19/10/13,14,14,18.835381,-100.285531
Tejupilco,Santa Maria de las Flores,El guayabo,22/09/05,0,0,18.835394,-100.173611
Tejupilco,Santa Maria de las Flores,El guayabo,10/07/07,4,4,18.835394,-100.173611
Tejupilco,Santa Maria de las Flores,El guayabo,13/07/09,6,5,18.835394,-100.173611
Sultepec,San Martin,Mango solo,17/05/05,22,20,18.839222,-100.018869
Sultepec,San Martin,Mango solo,04/09/06,1,1,18.839222,-100.018869
Sultepec,San Martin,Mango solo,17/05/07,23,22,18.839222,-100.018869
Sultepec,San Martin,Mango solo,06/02/08,1,1,18.839222,-100.018869
Sultepec,San Martin,Mango solo,09/06/08,0,0,18.839222,-100.018869
Sultepec,San Martin,Mango solo,05/12/08,10,1,18.839222,-100.018869
Sultepec,San Martin,Mango solo,05/11/10,7,6,18.839222,-100.018869
Tejupilco,Acamuchitlan,Ceiba amarilla,05/11/10,8,7,18.841917,-100.270611
Tejupilco,Acamuchitlan,Ceiba amarilla,15/08/12,8,6,18.841917,-100.270611
Tejupilco,Acamuchitlan,Cueva de acamuchitl·n,02/04/12,0,0,18.842278,-100.270694
Tejupilco,Plaza de Gallos,La mina quebrada,13/07/05,5,4,18.848556,-100.235136
Tejupilco,Plaza de Gallos,La mina quebrada,14/09/06,0,0,18.848556,-100.235136
Tejupilco,Plaza de Gallos,La mina quebrada,17/09/07,0,0,18.848556,-100.235136
Tejupilco,Plaza de Gallos,La mina quebrada,22/04/08,3,2,18.848556,-100.235136
Tejupilco,Plaza de Gallos,La mina quebrada,27/10/09,0,0,18.848556,-100.235136
Tejupilco,Plaza de Gallos,La mina quebrada,20/12/10,12,11,18.848556,-100.235136
Tejupilco,El Potrero del Guayabal,Cueva el Mango,06/03/14,25,25,18.851039,-100.352572
Sultepec,San Martin,La mina del diablo,26/08/05,11,10,18.851675,-100.018803
Sultepec,San Martin,La mina del diablo,14/12/05,9,8,18.851675,-100.018803
Sultepec,San Martin,La mina del diablo,02/05/07,7,6,18.851675,-100.018803
Sultepec,San Martin,La mina del diablo,20/06/07,21,21,18.851675,-100.018803
Sultepec,San Martin,La mina del diablo,26/08/08,6,5,18.851675,-100.018803
Sultepec,San Martin,La mina del diablo,09/12/08,9,8,18.851675,-100.018803
Sultepec,San Martin,La mina del diablo,12/12/09,6,5,18.851675,-100.018803
Sultepec,San Martin,La mina del diablo,10/12/12,8,6,18.851675,-100.018803
Malinalco,Los Tepehuajes (Los Tepeguajes),Alcantarilla el crucero,06/12/12,6,4,18.851778,-99.435533
Tejupilco,Tonatilco,El tejamanil,09/09/05,9,7,18.854167,-100.202433
Tejupilco,Tonatilco,El tejamanil,10/07/07,4,4,18.854167,-100.202433
Tejupilco,Tonatilco,El tejamanil,20/12/08,10,9,18.854167,-100.202433
Malinalco,Ejido de Palpan,Cueva el Claverrivo,10/07/14,6,6,18.866922,-99.451572
Luvianos,Rincon de Arrayanes,Cueva la Cascada,28/06/14,8,8,18.867606,-100.350936
Luvianos,Zaus Palo Gordo,Cueva de la Rendija,27/02/14,8,8,18.868203,-100.534267
Tejupilco,Cuadrilla de Leones,Cueva la minita,11/06/13,6,6,18.868317,-100.184472
Tejupilco,Antimonio,Mina el guaco,10/12/12,9,7,18.868731,-100.033903
Tejupilco,Antimonio,Mina el antimonio,22/09/10,6,5,18.868792,-100.033872
Tejupilco,Antimonio,Mina el antimonio,10/12/12,5,3,18.868792,-100.033872
Texcaltitlan,Huayatenco,Mina San Quintin,13/02/13,11,11,18.868972,-99.982431
Texcaltitlan,Carbajal,Mina el rÌo,15/02/13,7,7,18.869106,-99.968858
Luvianos,La Antena (Nariz del Cerro),Cueva los llanitos,07/10/05,12,11,18.869214,-100.301983
Luvianos,La Antena (Nariz del Cerro),Cueva los llanitos,17/08/06,15,13,18.869214,-100.301983
Luvianos,La Antena (Nariz del Cerro),Cueva los llanitos,04/07/07,4,4,18.869214,-100.301983
Luvianos,La Antena (Nariz del Cerro),Cueva los llanitos,02/06/09,3,3,18.869214,-100.301983
Luvianos,San sebastian luvianos,Cueva el filo,11/10/14,17,17,18.869214,-100.301978
Malinalco,Chichicasco el Viejo,El clavelino,24/07/12,8,6,18.869250,-99.465722
Tejupilco,Cuadrilla de Leones,La minita,25/05/06,0,0,18.873583,-100.205556
Tejupilco,Cuadrilla de Leones,La minita,25/05/07,26,24,18.873583,-100.205556
Tejupilco,Cuadrilla de Leones,La minita,23/12/08,11,11,18.873583,-100.205556
Tejupilco,Cuadrilla de Leones,La minita,23/09/09,9,8,18.873583,-100.205556
Tejupilco,Cuadrilla de Leones,La minita,11/11/09,6,6,18.873583,-100.205556
Tejupilco,Cuadrilla de Leones,La minita,24/03/10,0,0,18.873583,-100.205556
Luvianos,Rincon de Arrayanes,La cascada,24/05/12,5,3,18.876056,-100.359361
Luvianos,Rincon de Arrayanes,La cascada,10/07/12,6,4,18.876056,-100.359361
Luvianos,Rincon de Arrayanes,La cascada,10/07/12,6,4,18.876056,-100.359361
Luvianos,Puerto del salitre,Cueva del socabon ,12/07/13,6,6,18.884072,-100.284589
Luvianos,Puerto del salitre,Cueva ceiba amarilla,13/07/13,13,13,18.884181,-100.283753
Texcaltitlan,Huayatenco,Rancho las Tinajas,12/02/13,6,6,18.884317,-99.968781
Luvianos,San Sebastian (Rincon de San Sebastian),Cueva del zorro,07/07/05,7,6,18.885042,-100.319028
Luvianos,San Sebastian (Rincon de San Sebastian),Cueva del zorro,10/08/06,11,11,18.885042,-100.319028
Luvianos,San Sebastian (Rincon de San Sebastian),Cueva del zorro,16/01/07,0,0,18.885042,-100.319028
Luvianos,San Sebastian (Rincon de San Sebastian),Cueva del zorro,19/05/08,8,8,18.885042,-100.319028
Luvianos,San Sebastian (Rincon de San Sebastian),Cueva del zorro,09/07/09,7,6,18.885042,-100.319028
Tejupilco,Fraguita,Alcantarilla de la fraguita,15/05/13,50,50,18.885203,-100.201461
Luvianos,San Sebastian (Rincon de San Sebastian),Cueva del frijol,05/12/05,6,5,18.885331,-100.319167
Luvianos,San Sebastian (Rincon de San Sebastian),Cueva del frijol,21/12/06,10,10,18.885331,-100.319167
Luvianos,San Sebastian (Rincon de San Sebastian),Cueva del frijol,05/01/07,9,9,18.885331,-100.319167
Luvianos,San Sebastian (Rincon de San Sebastian),Cueva del frijol,26/04/07,20,17,18.885331,-100.319167
Luvianos,San Sebastian (Rincon de San Sebastian),Cueva del frijol,22/02/08,4,4,18.885331,-100.319167
Luvianos,San Sebastian (Rincon de San Sebastian),Cueva del frijol,22/10/08,0,0,18.885331,-100.319167
Luvianos,San Sebastian (Rincon de San Sebastian),Cueva del frijol,18/09/09,4,1,18.885331,-100.319167
Luvianos,San Sebastian (Rincon de San Sebastian),Cueva del frijol,01/12/10,0,0,18.885331,-100.319167
Malinalco,Puente Caporal (La Guancha),Cueva ceiba maria,06/12/12,4,3,18.885781,-99.452592
Malinalco,Ejido de Chalma,Cueva el Rio,09/07/14,32,32,18.885781,-99.452592
Luvianos,La Antena (Nariz del Cerro),Mina del tiro hondo,06/06/12,0,0,18.885806,-100.285778
Luvianos,Calaveras,Los aguacatillos,04/08/05,7,6,18.887472,-100.285000
Luvianos,Calaveras,Los aguacatillos,16/01/06,0,0,18.887472,-100.285000
Luvianos,Calaveras,Ceiba amarilla,04/07/06,4,4,18.887472,-100.285278
Luvianos,Calaveras,Ceiba amarilla,02/01/07,6,5,18.887472,-100.285278
Luvianos,Calaveras,Los aguacatillos,16/10/07,8,7,18.887472,-100.285000
Luvianos,Calaveras,Ceiba amarilla,26/03/08,3,2,18.887472,-100.285278
Luvianos,Calaveras,Ceiba amarilla,23/10/08,0,0,18.887472,-100.285278
Luvianos,Calaveras,Ceiba amarilla,09/06/09,5,4,18.887472,-100.285278
Luvianos,Calaveras,Los aguacatillos,18/07/09,5,4,18.887472,-100.285000
Luvianos,Calaveras,Ceiba amarilla,28/09/11,3,1,18.887472,-100.285278
Luvianos,Calaveras,Ceiba amarilla,26/01/12,1,1,18.887472,-100.285278
Luvianos,Calaveras,Ceiba amarilla,15/05/12,5,3,18.887472,-100.285278
Luvianos,El Estanco,Las parotas,18/06/12,0,0,18.889250,-100.259639
Luvianos,San Sebastian (Rincon de San Sebastian),Cueva el jocoyol ,22/04/06,3,3,18.889778,-100.300667
Luvianos,San Sebastian (Rincon de San Sebastian),Cueva el jocoyol ,30/08/07,10,9,18.889778,-100.300667
Luvianos,San Sebastian (Rincon de San Sebastian),Cueva el jocoyol ,24/10/08,0,0,18.889778,-100.300667
Luvianos,San Sebastian (Rincon de San Sebastian),Cueva el jocoyol ,10/07/09,8,8,18.889778,-100.300667
Luvianos,San Sebastian (Rincon de San Sebastian),Cueva el jocoyol ,13/11/09,4,4,18.889778,-100.300667
Luvianos,San Sebastian (Rincon de San Sebastian),Cueva el jocoyol ,10/07/10,7,4,18.889778,-100.300667
Luvianos,San Sebastian (Rincon de San Sebastian),Cueva el jocoyol ,17/09/12,0,0,18.889778,-100.300667
Tejupilco,Cuadrilla de Leones,Cueva Cuadrilla deLeones,28/03/12,2,1,18.894167,-100.208750
Malinalco,Puente Caporal (La Guancha),El repartidor,23/07/12,41,38,18.895250,-99.464806
Luvianos,San Sebastian ,Cueva el nogal ,20/07/13,8,8,18.900456,-100.317692
Luvianos,San Sebastian ,Cueva el nogal,24/01/14,12,12,18.900456,-100.317692
Luvianos,San Sebastian,Cueva la Presa,29/03/14,11,11,18.900517,-100.317581
Malinalco,Puente Caporal (La Guancha),Cueva el murciÈlago,01/12/12,5,3,18.900944,-99.450972
Luvianos,Los Pericones (Rancheria los Pericones),El carrizal,07/02/12,2,2,18.905167,-100.471583
Luvianos,Rincon de  Alambre,Cueva el nogal,11/08/05,2,2,18.905944,-100.322639
Luvianos,Rincon de  Alambre,Cueva el nogal,14/02/07,1,1,18.905944,-100.322639
Luvianos,Rincon de  Alambre,Cueva el nogal,16/10/07,0,0,18.905944,-100.322639
Luvianos,Rincon de  Alambre,Cueva el nogal,25/05/08,0,0,18.905944,-100.322639
Luvianos,Rincon de  Alambre,Cueva el nogal,04/11/08,0,0,18.905944,-100.322639
Luvianos,Rincon de  Alambre,Cueva el nogal,23/10/09,6,6,18.905944,-100.322639
Luvianos,Rincon de  Alambre,Cueva el nogal,06/11/10,4,3,18.905944,-100.322639
Luvianos,Rincon de  Alambre,Cueva el nogal,06/11/10,4,3,18.905944,-100.322639
Luvianos,Rincon de  Alambre,Cueva el nogal,29/04/11,3,3,18.905944,-100.322639
Luvianos,Rincon de  Alambre,Cueva el nogal,29/04/11,3,3,18.905944,-100.322639
Luvianos,Rincon de  Alambre,Cueva el nogal,15/02/12,3,3,18.905944,-100.322639
Luvianos,Rincon de  Alambre,Cueva el nogal,15/02/12,3,3,18.905944,-100.322639
Luvianos,El Naranjito de Nanchichitla,Rancho el Naranjo,24/02/14,7,7,18.916864,-100.400414
Luvianos,Los Bancos,Ceiba blanca,16/05/05,0,0,18.918967,-100.368547
Luvianos,Los Bancos,Ceiba blanca,16/07/07,7,7,18.918967,-100.368547
Luvianos,Los Bancos,Ceiba blanca,21/04/08,0,0,18.918967,-100.368547
Luvianos,Los Bancos,Ceiba blanca,05/06/09,6,5,18.918967,-100.368547
Luvianos,Los Bancos,Cueva del chachalaco,21/04/05,5,4,18.920806,-100.370278
Luvianos,Paso del Agua (Cristo Rey),Piedra colorada,22/05/05,6,4,18.920806,-100.352764
Luvianos,Paso del Agua (Cristo Rey),Piedra colorada,10/04/06,0,0,18.920806,-100.352764
Luvianos,Los Bancos,Cueva del chachalaco,28/07/06,0,0,18.920806,-100.370278
Luvianos,Los Bancos,Cueva del chachalaco,30/08/07,10,9,18.920806,-100.370278
Luvianos,Paso del Agua (Cristo Rey),Piedra colorada,16/10/07,0,0,18.920806,-100.352764
Luvianos,Paso del Agua (Cristo Rey),Piedra colorada,11/04/08,0,0,18.920806,-100.352764
Luvianos,Los Bancos,Cueva del chachalaco,21/04/08,0,0,18.920806,-100.370278
Luvianos,Paso del Agua (Cristo Rey),Piedra colorada,11/06/09,5,5,18.920806,-100.352764
Luvianos,Los Bancos,Cueva del chachalaco,11/06/09,9,8,18.920806,-100.370278
Luvianos,Los Bancos,Cueva del chachalaco,19/08/11,8,6,18.920806,-100.370278
Tejupilco,Rincon de Lopez,Casa particular,01/06/12,0,0,18.924583,-100.145306
Luvianos,Paso del Agua (Cristo Rey),Cueva el murciÈlago,13/10/14,6,6,18.926389,-100.351550
Luvianos,El Manguito,Magadan,19/09/12,0,0,18.931083,-100.376917
Luvianos,Magadan,Piedra bola,17/10/05,1,1,18.933442,-100.370000
Luvianos,Magadan,Piedra bola,11/09/07,11,10,18.933442,-100.370000
Luvianos,Magadan,Piedra bola,27/03/08,2,2,18.933442,-100.370000
Luvianos,Magadan,Piedra bola,18/08/08,6,6,18.933442,-100.370000
Luvianos,Magadan,Piedra bola,22/12/08,9,9,18.933442,-100.370000
Luvianos,Magadan,Piedra bola,03/06/09,7,7,18.933442,-100.370000
Luvianos,Magadan,Piedra bola,10/06/09,2,2,18.933442,-100.370000
Luvianos,Magadan,Piedra bola,05/11/10,5,4,18.933442,-100.370000
Luvianos,Magadan,Piedra bola,14/05/12,4,3,18.933442,-100.370000
Luvianos,Puerto del Capulin,Mina el capulÌn,28/08/12,0,0,18.949167,-100.335833
Luvianos,Ceiba Obscura (PeÒa del Aguila),La ceiba,11/05/05,1,1,18.968569,-100.403333
Luvianos,Ceiba Obscura (PeÒa del Aguila),La ceiba,30/11/05,0,0,18.968569,-100.403333
Luvianos,Ceiba Obscura (PeÒa del Aguila),La ceiba,04/09/06,1,1,18.968569,-100.403333
Luvianos,Ceiba Obscura (PeÒa del Aguila),La ceiba,21/04/08,2,2,18.968569,-100.403333
Luvianos,Hilamache,Cueva el risco ,17/08/13,6,6,19.002697,-100.317447
Temascaltepec,Potrero de Tenayac,Cueva los guacos,22/11/12,0,0,19.035294,-100.202469
Zacazonapan,La alcantarilla,Cueva la Alcantarilla,02/08/13,4,4,19.067133,-100.233450
Zacazonapan,Zacazonapan,La Alcantarilla de Zacazonapan,22/05/14,5,5,19.067453,-100.233347
Zacazonapan,Alcantarilla,Alcantarilla de zacazonapan,17/07/12,4,2,19.071417,-100.233389
Santo Tomas,Salitre Bramador,Mina el marmol,18/02/13,7,7,19.151069,-100.267658
Santo Tomas,Salitre Bramador,Mina el marmol,27/07/13,4,4,19.151069,-100.267442
Santo Tomas,Salitre Bramador,Mina el marmol,26/09/14,12,12,19.151069,-100.267442
Santo Tomas,El Salitre Bramador,Min el oro,25/10/12,6,4,19.156528,-100.272917
Santo Tomas,Santa Barbara,Mina pinto real,19/01/06,6,6,19.169000,-100.290389
Santo Tomas,Santa Barbara,Mina pinto real,08/02/07,10,9,19.169000,-100.290389
Santo Tomas,Santa Barbara,Mina pinto real,04/09/08,6,5,19.169000,-100.290389
Santo Tomas,Santa Barbara,Mina pinto real,09/06/09,10,9,19.169000,-100.290389
Santo Tomas,Santa Barbara,Mina pinto real,03/10/11,5,4,19.169000,-100.290389
Santo Tomas,Santa Barbara,Zacazonapan,17/07/12,4,2,19.169000,-100.290389
Santo Tomas,Santa Barbara,Mina el pito real,11/10/12,4,3,19.169000,-100.284039
Santo Tomas,Santa Barbara,Mina el pito real,26/07/13,12,12,19.169000,-100.284039
Santo Tomas,Santa Barbara,Mina el pito real,26/09/14,14,14,19.169000,-100.284039
Santo Tomas,San Miguel Sandemialma,Cueva la huerta,31/07/14,20,20,19.183869,-100.250078
Santo Tomas,San Miguel Sandemialma,San miguel,08/08/12,10,8,19.192389,-100.264361
Santo Tomas,Salitre de la cal ,Cueva la peÒa,10/05/13,8,8,19.201822,-100.318694
Ixtapan del Oro,Tutuapan,Mina pozo hondo,11/11/14,12,12,19.234542,-100.268236
Ixtapan del Oro,Ixtapan del oro,Mina los terrados,22/11/14,17,17,19.250394,-100.267089
Ixtapan del Oro,La Calzada,Mina el terrado,10/10/12,8,7,19.252528,-100.269444
Ixtapan del Oro,La Calzada,Mina el oro,04/10/11,4,3,19.253528,-100.270781
Ixtapan del Oro,La Calzada,Mina el oro,10/10/12,6,5,19.253528,-100.270781
Ixtapan del Oro,Las minas,Mina el oro,12/11/14,18,18,19.253528,-100.270781
Otzoloapan ,Cruz Blanca,Mina las palmas,25/04/13,10,10,19.300217,-100.350064